pc_time,millis,raw_adc,voltage_V,pressure_bar
2026-09-29T20:29:08.574,100,101.8,0.475,0.00
2026-09-29T20:29:08.675,200,101.5,0.474,0.00
2026-09-29T20:29:08.774,300,101.7,0.475,0.00
2026-09-29T20:29:08.875,400,101.6,0.475,0.00
2026-09-29T20:29:08.974,500,101.8,0.475,0.00
2026-09-29T20:29:09.074,600,101.5,0.474,0.00
2026-09-29T20:29:09.175,700,101.6,0.475,0.00
2026-09-29T20:29:09.274,800,101.6,0.475,0.00
2026-09-29T20:29:09.374,900,101.5,0.474,0.00
2026-09-29T20:29:09.475,1000,101.7,0.475,0.00
2026-09-29T20:29:09.575,1100,101.8,0.475,0.00
2026-09-29T20:29:09.674,1200,101.9,0.476,0.00
2026-09-29T20:29:09.774,1300,101.7,0.475,0.00
2026-09-29T20:29:09.874,1400,101.7,0.475,0.00
2026-09-29T20:29:09.973,1500,101.6,0.475,0.00
2026-09-29T20:29:10.074,1600,101.8,0.475,0.00
2026-09-29T20:29:10.174,1700,101.8,0.476,0.00
2026-09-29T20:29:10.273,1800,101.6,0.475,0.00
2026-09-29T20:29:10.374,1900,101.6,0.475,0.00
2026-09-29T20:29:10.474,2000,101.8,0.475,0.00
2026-09-29T20:29:10.573,2100,101.8,0.476,0.00
2026-09-29T20:29:10.673,2200,101.7,0.475,0.00
2026-09-29T20:29:10.773,2300,101.6,0.475,0.00
2026-09-29T20:29:10.872,2400,101.7,0.475,0.00
2026-09-29T20:29:10.973,2500,101.5,0.474,0.00
2026-09-29T20:29:11.073,2600,101.9,0.476,0.00
2026-09-29T20:29:11.172,2700,101.7,0.475,0.00
2026-09-29T20:29:11.273,2800,101.6,0.475,0.00
2026-09-29T20:29:11.373,2900,101.6,0.475,0.00
2026-09-29T20:29:11.472,3000,101.5,0.474,0.00
2026-09-29T20:29:11.573,3100,101.6,0.475,0.00
2026-09-29T20:29:11.672,3200,101.8,0.475,0.00
2026-09-29T20:29:11.772,3300,101.8,0.476,0.00
2026-09-29T20:29:11.872,3400,101.8,0.476,0.00
2026-09-29T20:29:11.971,3500,101.7,0.475,0.00
2026-09-29T20:29:12.072,3600,101.7,0.475,0.00
2026-09-29T20:29:12.172,3700,101.6,0.475,0.00
2026-09-29T20:29:12.270,3800,101.6,0.475,0.00
2026-09-29T20:29:12.372,3900,101.6,0.475,0.00
2026-09-29T20:29:12.472,4000,101.8,0.475,0.00
2026-09-29T20:29:12.571,4100,101.6,0.475,0.00
2026-09-29T20:29:12.671,4200,101.6,0.475,0.00
2026-09-29T20:29:12.772,4300,101.7,0.475,0.00
2026-09-29T20:29:12.871,4400,101.5,0.474,0.00
2026-09-29T20:29:12.971,4500,101.7,0.475,0.00
2026-09-29T20:29:13.071,4600,101.6,0.475,0.00
2026-09-29T20:29:13.170,4700,101.7,0.475,0.00
2026-09-29T20:29:13.271,4800,101.7,0.475,0.00
2026-09-29T20:29:13.371,4900,101.8,0.476,0.00
2026-09-29T20:29:13.470,5000,101.6,0.475,0.00
2026-09-29T20:29:13.570,5100,101.8,0.475,0.00
2026-09-29T20:29:13.671,5200,101.6,0.475,0.00
2026-09-29T20:29:13.770,5300,101.6,0.475,0.00
2026-09-29T20:29:13.870,5400,101.8,0.475,0.00
2026-09-29T20:29:13.970,5500,101.7,0.475,0.00
2026-09-29T20:29:14.069,5600,101.6,0.475,0.00
2026-09-29T20:29:14.169,5700,101.6,0.475,0.00
2026-09-29T20:29:14.269,5800,101.7,0.475,0.00
2026-09-29T20:29:14.369,5900,101.6,0.475,0.00
2026-09-29T20:29:14.469,6000,101.8,0.475,0.00
2026-09-29T20:29:14.569,6100,101.8,0.476,0.00
2026-09-29T20:29:14.669,6200,101.7,0.475,0.00
2026-09-29T20:29:14.769,6300,101.6,0.475,0.00
2026-09-29T20:29:14.868,6400,101.6,0.475,0.00
2026-09-29T20:29:14.969,6500,101.5,0.474,0.00
2026-09-29T20:29:15.069,6600,101.9,0.476,0.00
2026-09-29T20:29:15.168,6700,101.8,0.475,0.00
2026-09-29T20:29:15.268,6800,101.6,0.475,0.00
2026-09-29T20:29:15.369,6900,101.5,0.474,0.00
2026-09-29T20:29:15.469,7000,101.5,0.474,0.00
2026-09-29T20:29:15.568,7100,101.8,0.475,0.00
2026-09-29T20:29:15.669,7200,101.9,0.476,0.00
2026-09-29T20:29:15.768,7300,101.8,0.475,0.00
2026-09-29T20:29:15.868,7400,101.7,0.475,0.00
2026-09-29T20:29:15.969,7500,101.6,0.475,0.00
2026-09-29T20:29:16.067,7600,101.9,0.476,0.00
2026-09-29T20:29:16.168,7700,101.5,0.474,0.00
2026-09-29T20:29:16.268,7800,102.0,0.477,0.00
2026-09-29T20:29:16.368,7900,101.6,0.475,0.00
2026-09-29T20:29:16.468,8000,101.8,0.476,0.00
2026-09-29T20:29:16.568,8100,101.9,0.476,0.00
2026-09-29T20:29:16.667,8200,101.6,0.475,0.00
2026-09-29T20:29:16.767,8300,101.8,0.476,0.00
2026-09-29T20:29:16.868,8400,101.7,0.475,0.00
2026-09-29T20:29:16.968,8500,101.7,0.475,0.00
2026-09-29T20:29:17.068,8600,101.4,0.474,0.00
2026-09-29T20:29:17.167,8700,102.0,0.477,0.00
2026-09-29T20:29:17.267,8800,101.6,0.475,0.00
2026-09-29T20:29:17.367,8900,101.6,0.475,0.00
2026-09-29T20:29:17.468,9000,101.6,0.475,0.00
2026-09-29T20:29:17.567,9100,101.7,0.475,0.00
2026-09-29T20:29:17.667,9200,101.8,0.476,0.00
2026-09-29T20:29:17.766,9300,101.5,0.474,0.00
2026-09-29T20:29:17.866,9400,101.6,0.475,0.00
2026-09-29T20:29:17.966,9500,101.8,0.475,0.00
2026-09-29T20:29:18.065,9600,101.6,0.475,0.00
2026-09-29T20:29:18.165,9700,101.5,0.474,0.00
2026-09-29T20:29:18.267,9800,101.8,0.475,0.00
2026-09-29T20:29:18.365,9900,101.9,0.476,0.00
2026-09-29T20:29:18.466,10000,101.8,0.475,0.00
2026-09-29T20:29:18.566,10100,101.9,0.476,0.00
2026-09-29T20:29:18.665,10200,101.8,0.476,0.00
2026-09-29T20:29:18.766,10300,101.8,0.476,0.00
2026-09-29T20:29:18.865,10400,101.9,0.476,0.00
2026-09-29T20:29:18.965,10500,101.7,0.475,0.00
2026-09-29T20:29:19.065,10600,101.6,0.475,0.00
2026-09-29T20:29:19.166,10700,101.4,0.474,0.00
2026-09-29T20:29:19.264,10800,101.5,0.474,0.00
2026-09-29T20:29:19.365,10900,101.6,0.475,0.00
2026-09-29T20:29:19.466,11000,101.5,0.474,0.00
2026-09-29T20:29:19.565,11100,101.5,0.474,0.00
2026-09-29T20:29:19.665,11200,101.7,0.475,0.00
2026-09-29T20:29:19.765,11300,101.5,0.474,0.00
